PRODUCT NAME,BARCODE,PHARMACY GLN NUMBER,PHARMACY NAME,DATE,ORDER NO,TOWN,PROVINCE,QUANTITY,BONUS,PRICE
A,1,100,Pharma 1,02/01/2024,xxxxxxx,xxxxxxx,xxxxxxx,10,2,1000
A,1,200,Pharma 2,03/01/2024,xxxxxxx,xxxxxxx,xxxxxxx,10,3,1000
A,1,300,Pharma 3,03/01/2024,xxxxxxx,xxxxxxx,xxxxxxx,11,3,1000
A,1,400,Pharma 4,03/01/2024,xxxxxxx,xxxxxxx,xxxxxxx,20,6,1000
A,1,500,Pharma 5,04/01/2024,xxxxxxx,xxxxxxx,xxxxxxx,10,5,1000
A,1,600,Pharma 6,10/01/2024,xxxxxxx,xxxxxxx,xxxxxxx,10,5,1000
A,1,700,Pharma 7,04/01/2024,xxxxxxx,xxxxxxx,xxxxxxx,10,6,1000
B,2,700,Pharma 7,03/01/2024,xxxxxxx,xxxxxxx,xxxxxxx,3,1,1500
A,1,800,Pharma 8,04/01/2024,xxxxxxx,xxxxxxx,xxxxxxx,10,6,1000
B,2,800,Pharma 8,03/01/2024,xxxxxxx,xxxxxxx,xxxxxxx,2,0,1500
B,2,900,Pharma 9,03/01/2024,xxxxxxx,xxxxxxx,xxxxxxx,105,50,1500
B,2,1000,Pharma 10,03/01/2024,xxxxxxx,xxxxxxx,xxxxxxx,20,10,1500
A,1,1100,Pharma 11,02/01/2024,xxxxxxx,xxxxxxx,xxxxxxx,10,2,800
C,3,1200,Pharma 12,02/01/2024,xxxxxxx,xxxxxxx,xxxxxxx,5,1,35
