AUTO APPROVED,AUTO CUT,NOTE 
2,,"The max MF bonus for this date is 3. 2 less than 3. therefore, it is approved."
3,,"The max MF bonus for this date is 3. 3 is equal to 3. therefore, it is approved."
3,,"The max MF bonus for this date is 3. 3 is equal to 3. therefore, it is approved. 
For 11, consider all campaigns that have the minimum order quantity less than or equal to it; 
In this case 10."
6,,"Here, the system detects that 20 is a multiple of 10 - and therefore the same multiple of the 
best bonus available for that date, 3 * 2 = 6, is approved. The system should go through all 
the minimum order quantities that are less than the quantity on this table, and consider their multiples. "
3,2,"The MF bonus is 2 more than the best available for that date. Therefore, 2 are cut, and ""!"" added to 
The Highlight column."
5,,"However, there *is* such a campaign available for this date, so unlike the previous column, all 5 of the 
Bonuses are approved in this case."
6,,"In this case, since for this parmacy both minimum order quantities have been satisfied, the bonuses 
Are approved. Note that both sales need to be within the valid dates of the campaign detected."
1,,see above
3,3,"Here, since the minimum order quantity for the second product of the combined campaign not satisfied,  
10+6 campaign is not valid. Instead, the system gives  next best campaign avail for those dates for that 
product, which is 10+2. Note that there can sometimes be more than one multi-product campaigns applicable, 
and in which case the system should prioritise the first product in the campaigns sheet, and in any case if there 
Is a cut, the line should get ""!"" in HIGHLIGHT field."
0,,NO BONUS
50,,"Here, there's a campaign which satisfies this, so it is approved."
6,4,"Here, a cut is made as although as a ratio there's a better campaign, this order does not satisfy the minimum 
Order quantity. Instead, the next best 10+3 campaign is applied, so the approved bonus is 3 * 2 = 6."
2,,"Here, nothing is cut, but ""!!"" (two exclamation marks) added to HIGHLIGHT field, as there's no campaign 
For this *price* for product A. "
,, 
