PRODUCT NAME,BARCODE,PHARMACY GLN NUMBER,PHARMACY NAME,DATE,ORDER NO,TOWN,PROVINCE,QUANTITY,BONUS,PRICE,WAREHOUSE,AUTO APPROVED,AUTO CUT,MANUAL APPROVE,HIGHLIGHT,NOTE
A,1,100,Pharma 1,02/01/2024,xxxxxxx,xxxxxxx,xxxxxxx,10,2,1000,xxxxxxx,2,,,,Auto Approved: 2. 
A,1,200,Pharma 2,03/01/2024,xxxxxxx,xxxxxxx,xxxxxxx,10,3,1000,xxxxxxx,3,,,,Auto Approved: 3. 
A,1,300,Pharma 3,03/01/2024,xxxxxxx,xxxxxxx,xxxxxxx,11,3,1000,xxxxxxx,3,,,,Auto Approved: 3. 
A,1,400,Pharma 4,03/01/2024,xxxxxxx,xxxxxxx,xxxxxxx,20,6,1000,xxxxxxx,6,,,,Auto Approved: 6. 
A,1,500,Pharma 5,04/01/2024,xxxxxxx,xxxxxxx,xxxxxxx,10,5,1000,xxxxxxx,3,2,,!,Auto Approved: 3. 
A,1,600,Pharma 6,10/01/2024,xxxxxxx,xxxxxxx,xxxxxxx,10,5,1000,xxxxxxx,5,,,,Auto Approved: 5. 
A,1,700,Pharma 7,04/01/2024,xxxxxxx,xxxxxxx,xxxxxxx,10,6,1000,xxxxxxx,6,,,,Auto Approved: 6. 
B,2,700,Pharma 7,03/01/2024,xxxxxxx,xxxxxxx,xxxxxxx,3,1,1500,xxxxxxx,1,,,,Auto Approved: 1. 
A,1,800,Pharma 8,04/01/2024,xxxxxxx,xxxxxxx,xxxxxxx,10,6,1000,xxxxxxx,3,3,,!,Auto Approved: 3. 
B,2,800,Pharma 8,03/01/2024,xxxxxxx,xxxxxxx,xxxxxxx,2,0,1500,xxxxxxx,0,,,,NO BONUS
B,2,900,Pharma 9,03/01/2024,xxxxxxx,xxxxxxx,xxxxxxx,105,50,1500,xxxxxxx,50,,,,Auto Approved: 50. 
B,2,1000,Pharma 10,03/01/2024,xxxxxxx,xxxxxxx,xxxxxxx,20,10,1500,xxxxxxx,6,4,,!,Auto Approved: 6. 
A,1,1100,Pharma 11,02/01/2024,xxxxxxx,xxxxxxx,xxxxxxx,10,2,800,xxxxxxx,2,,,!!,"Price mismatch, but: Auto Approved: 2. "
